,A,B,C,DRB1,DQB1
Right,-0.5050505050505052,-0.8130081300813075,-1.7543859649122737,-3.3898305084745743,0.0
Wrong,0.5050505050504981,0.8130081300812932,1.7543859649122808,3.3898305084745743,0.0
Partial,-0.5050505050505016,-5.6910569105691025,1.7543859649122808,3.3898305084745743,0.0
Close,0.5050505050505052,4.336043360433604,0.0,-0.56497175141243,0.0
Bad,0.5050505050505052,2.1680216802168015,0.0,0.56497175141243,0.0
