,A,B,C,DRB1,DQB1
Right,0.46728971962615873,0.7874015748031482,1.6949152542372872,3.351955307262571,0.0
Wrong,-0.46728971962616583,-0.7874015748031482,-1.6949152542372872,-3.351955307262564,0.0
Partial,0.4672897196261694,5.511811023622045,-1.6949152542372907,-3.351955307262571,0.0
Close,-0.46728971962616805,-4.199475065616798,0.0,0.558659217877095,0.0
Bad,-0.4672897196261685,-2.0997375328083994,0.0,-0.558659217877095,0.0
