,A,B,C,DQB1,DRB1
Right,-11.1111111111111,-13.20754716981132,-8.333333333333329,-17.857142857142847,-20.786516853932582
Wrong,11.11111111111111,13.207547169811322,8.333333333333332,17.85714285714286,20.78651685393259
Partial,11.616161616161616,9.164420485175203,8.333333333333334,17.857142857142854,23.033707865168537
Close,-0.5050505050505051,0.0,0.0,0.0,0.0
Bad,0.0,4.043126684636119,0.0,0.0,-2.2471910112359548
