,A,B,C,DQB1,DRB1
Right,-5.555555555555557,-4.6070460704607115,-3.5087719298245617,3.5714285714285694,-9.039548022598872
Wrong,5.55555555555555,4.607046070460697,3.5087719298245617,-3.5714285714285694,9.039548022598865
Partial,6.060606060606059,-2.439024390243901,5.2631578947368425,-25.0,12.994350282485883
Close,-0.505050505050505,2.9810298102981028,-1.7543859649122806,21.42857142857143,-1.6949152542372885
Bad,0.0,4.065040650406504,0.0,0.0,-2.259887005649717