,A,B,C,DQB1,DRB1
Right,73.23232323232324,76.28032345013477,76.66666666666667,67.85714285714286,69.66292134831461
Wrong,26.767676767676768,23.71967654986523,23.333333333333332,32.142857142857146,30.337078651685395
Partial,23.737373737373737,15.09433962264151,21.666666666666668,28.57142857142857,29.213483146067414
Close,0.0,0.0,0.0,0.0,0.0
Bad,3.0303030303030303,8.62533692722372,1.6666666666666667,3.571428571428571,1.1235955056179776
