,A,B,C,DRB1,DQB1
Right,57.476635514018696,40.15748031496063,69.49152542372882,49.162011173184354,17.24137931034483
Wrong,35.046728971962615,56.69291338582677,27.11864406779661,49.72067039106145,79.3103448275862
Partial,28.971962616822427,41.46981627296588,23.728813559322035,42.45810055865922,72.41379310344827
Close,1.8691588785046727,8.398950131233596,1.694915254237288,3.35195530726257,3.4482758620689653
Bad,4.205607476635514,6.824146981627297,1.694915254237288,3.910614525139665,3.4482758620689653
