,A,B,C,DRB1,DQB1
Right,62.121212121212125,41.46341463414634,71.9298245614035,49.717514124293785,17.857142857142858
Wrong,37.878787878787875,58.536585365853654,28.07017543859649,50.282485875706215,82.14285714285714
Partial,31.313131313131315,42.81842818428184,24.561403508771928,42.93785310734463,75.0
Close,2.0202020202020203,8.672086720867208,1.7543859649122806,3.389830508474576,3.571428571428571
Bad,4.545454545454546,7.046070460704606,1.7543859649122806,3.954802259887006,3.571428571428571
