,A,B,C,DQB1,DRB1
Right,57.07070707070707,37.669376693766935,70.17543859649122,21.428571428571427,44.06779661016949
Wrong,42.92929292929293,62.33062330623306,29.82456140350877,78.57142857142857,55.932203389830505
Partial,37.878787878787875,46.070460704607044,28.07017543859649,50.0,52.54237288135594
Close,1.0101010101010102,7.317073170731707,0.0,25.0,2.2598870056497176
Bad,4.040404040404041,8.94308943089431,1.7543859649122806,3.571428571428571,1.1299435028248588
