,A,B,C,DRB1,DQB1
Right,57.943925233644855,40.94488188976378,71.1864406779661,52.513966480446925,17.24137931034483
Wrong,34.57943925233645,55.90551181102362,25.423728813559322,46.36871508379888,79.3103448275862
Partial,29.439252336448597,46.981627296587924,22.033898305084744,39.10614525139665,72.41379310344827
Close,1.4018691588785046,4.199475065616798,1.694915254237288,3.910614525139665,3.4482758620689653
Bad,3.7383177570093453,4.724409448818897,1.694915254237288,3.35195530726257,3.4482758620689653
