,A,B,C,DQB1,DRB1
Right,62.62626262626263,42.27642276422765,73.68421052631578,17.857142857142858,53.10734463276836
Wrong,37.37373737373738,57.72357723577236,26.31578947368421,82.14285714285714,46.89265536723164
Partial,31.818181818181817,48.509485094850945,22.807017543859647,75.0,39.548022598870055
Close,1.5151515151515151,4.336043360433604,1.7543859649122806,3.571428571428571,3.954802259887006
Bad,4.040404040404041,4.878048780487805,1.7543859649122806,3.571428571428571,3.389830508474576
