,A,B,C,DQB1,DRB1
All Calls Correct,84.34343434343434,89.4878706199461,85.0,85.71428571428571,90.4494382022472
Incorrect,15.656565656565657,10.512129380053908,15.0,14.285714285714285,9.550561797752808
At Least One Correct Call,12.121212121212121,5.929919137466308,13.333333333333334,10.714285714285714,6.179775280898876
All Calls Incorrect,3.0303030303030303,4.5822102425876015,1.6666666666666667,3.571428571428571,3.3707865168539324
