,A,B,C,DRB1,DQB1
Right,62.62626262626263,42.27642276422765,73.68421052631578,53.10734463276836,17.857142857142858
Wrong,37.37373737373738,57.72357723577236,26.31578947368421,46.89265536723164,82.14285714285714
Partial,31.818181818181817,48.509485094850945,22.807017543859647,39.548022598870055,75.0
Close,1.5151515151515151,4.336043360433604,1.7543859649122806,3.954802259887006,3.571428571428571
Bad,4.040404040404041,4.878048780487805,1.7543859649122806,3.389830508474576,3.571428571428571
