,A,B,C,DQB1,DRB1
All Calls Correct,-3.1840140535792614,-3.735891728125509,3.7096774193548328,0.0,0.10611735330836325
Incorrect,3.184014053579272,3.7358917281255124,-3.70967741935484,0.0,-0.10611735330836325
At Least One Correct Call,0.4391743522178313,1.4579436593674657,-3.655913978494624,0.0,-0.06866416978776524
All Calls Incorrect,3.249890206411946,2.277948068758045,-0.05376344086021523,0.0,-0.0374531835205989
