,A,B,C,DRB1,DQB1
Right,0.5050505050505123,-0.5420054200542026,-0.29239766081870755,-3.3898305084745743,0.0
Wrong,-0.5050505050505052,0.5420054200541884,0.2923976608187111,3.3898305084745743,0.0
Partial,0.0,-2.439024390243908,0.4873294346978554,4.5197740112994325,0.0
Close,1.0101010101010102,1.6260162601626016,-0.09746588693957103,-1.129943502824859,0.0
Bad,-1.5151515151515147,1.3550135501355012,-0.09746588693957103,0.0,0.0
