,A,B,C,DRB1,DQB1
Right,0.9345794392523388,0.26246719160104703,5.0847457627118615,0.0,0.0
Wrong,-0.9345794392523317,-0.26246719160104703,0.0,0.0,0.0
Partial,0.4672897196261694,3.1496062992126,0.0,1.1173184357541928,0.0
Close,0.4672897196261683,-2.6246719160104988,0.0,-0.5586592178770946,0.0
Bad,-1.869158878504673,-0.78740157480315,0.0,-0.558659217877095,0.0
