,A,B,C,DQB1,DRB1
Right,7.4440052700922195,10.790916655406122,15.268817204301072,17.857142857142847,20.892634207240945
Wrong,-7.444005270092227,-10.790916655406129,-15.268817204301074,-17.85714285714286,-20.892634207240953
Partial,-10.693895476504172,-8.234181311295863,-13.60215053763441,-17.857142857142854,-23.102372034956304
Close,0.0,0.0,0.0,0.0,0.0
Bad,3.249890206411946,-2.5567353441102645,-1.6666666666666667,0.0,2.209737827715356
