,A,B,C,DRB1,DQB1
Right,0.35450660450659655,-0.17115960633291394,-0.4699248120300723,0.5239402834327578,0.0
Wrong,-0.35450660450660365,0.17115960633290683,0.46992481203007586,-0.5239402834327578,0.0
Partial,-1.52972027972028,-0.6147482527456845,2.192982456140353,0.6754410882807846,0.0
Close,-0.5536130536130536,0.13764085009271199,0.03132832080200498,-1.1615061705015313,0.0
Bad,1.7288267288267285,0.6482670089858793,-1.7543859649122806,-0.03787520121200627,0.0
