,A,B,C,DQB1,DRB1
All Calls Correct,7.927097057531839,9.471655441685812,12.043010752688161,17.857142857142847,20.892634207240945
Incorrect,-7.927097057531839,-9.47165544168581,-12.043010752688172,-17.85714285714286,-20.892634207240953
At Least One Correct Call,-11.176987263943785,-7.706476825807736,-11.989247311827958,-17.857142857142854,-23.102372034956304
All Calls Incorrect,3.249890206411946,-1.7651786158780745,-0.05376344086021523,0.0,2.209737827715356
