,A,B,C,DRB1,DQB1
Right,0.46728971962618004,-0.5249343832021012,3.3898305084745743,-3.351955307262571,0.0
Wrong,-0.46728971962616583,0.5249343832021012,1.6949152542372872,3.351955307262564,0.0
Partial,0.0,-2.3622047244094446,1.6949152542372907,4.469273743016764,0.0
Close,0.9345794392523363,1.574803149606299,0.0,-1.1173184357541897,0.0
Bad,-1.4018691588785046,1.3123359580052494,0.0,0.0,0.0
