,A,B,C,DRB1,DQB1
Right,0.8595571095571017,0.6418485237483935,1.2844611528822014,3.913770791907332,0.0
Wrong,-0.8595571095571017,-0.6418485237483864,-1.284461152882205,-3.913770791907332,0.0
Partial,-1.0246697746697784,5.076308657823418,0.438596491228072,-2.7143894201937897,0.0
Close,-1.0586635586635587,-4.198402510340892,0.03132832080200498,-0.5965344190891013,0.0
Bad,1.2237762237762233,-1.5197546712309222,-1.7543859649122806,-0.6028469526244362,0.0
