,A,B,C,DRB1,DQB1
Right,1.0101010101010175,0.27100271002710485,1.4619883040935662,0.0,0.0
Wrong,-1.0101010101010033,-0.27100271002710485,-1.4619883040935697,0.0,0.0
Partial,0.5050505050505016,3.2520325203251943,-1.2670565302144254,1.1299435028248581,0.0
Close,0.505050505050505,-2.7100271002710024,-0.09746588693957103,-0.5649717514124291,0.0
Bad,-2.02020202020202,-0.8130081300813004,-0.09746588693957103,-0.56497175141243,0.0
