,A,B,C,DQB1,DRB1
Right,5.910062160062154,4.4358864641277975,3.0388471177944893,-3.5714285714285694,9.56348830603163
Wrong,-5.910062160062154,-4.43588646412779,-3.038847117794486,3.5714285714285694,-9.563488306031623
Partial,-7.590326340326339,1.8242761374982166,-3.0701754385964897,25.0,-12.318909194205098
Close,-0.0485625485625486,-2.843388960205391,1.7857142857142856,-21.42857142857143,0.5334090837357572
Bad,1.7288267288267285,-3.416773641420625,-1.7543859649122806,0.0,2.2220118044377113
