,A,B,C,DQB1,DRB1
Right,-3.6671058410188806,-2.416630514405199,6.935483870967744,0.0,0.10611735330836325
Wrong,3.667105841018884,2.4166305144051936,-6.935483870967742,0.0,-0.10611735330836325
Partial,0.9222661396574434,0.9302391738793387,-5.268817204301076,0.0,-0.06866416978776524
Close,-0.5050505050505051,0.0,0.0,0.0,0.0
Bad,3.249890206411946,1.4863913405258549,-1.6666666666666667,0.0,-0.0374531835205989
