,A,B,C,DRB1,DQB1
Right,61.61616161616161,42.00542005420054,72.22222222222221,53.10734463276836,17.857142857142858
Wrong,38.38383838383838,57.994579945799465,27.77777777777778,46.89265536723164,82.14285714285714
Partial,31.313131313131315,45.25745257452575,24.074074074074073,38.4180790960452,75.0
Close,1.0101010101010102,7.046070460704606,1.8518518518518516,4.519774011299435,3.571428571428571
Bad,6.0606060606060606,5.691056910569105,1.8518518518518516,3.954802259887006,3.571428571428571
