,A,B,C,DQB1,DRB1
All Calls Correct,81.15942028985508,85.75197889182058,88.70967741935483,85.71428571428571,90.55555555555556
Incorrect,18.84057971014493,14.24802110817942,11.29032258064516,14.285714285714285,9.444444444444445
At Least One Correct Call,12.560386473429952,7.387862796833773,9.67741935483871,10.714285714285714,6.111111111111111
All Calls Incorrect,6.280193236714976,6.860158311345646,1.6129032258064515,3.571428571428571,3.3333333333333335
