,A,B,C,DRB1,DQB1
Right,62.980769230769226,42.10526315789473,73.21428571428571,53.63128491620112,17.857142857142858
Wrong,37.019230769230774,57.89473684210527,26.785714285714285,46.36871508379888,82.14285714285714
Partial,30.288461538461537,47.89473684210526,25.0,40.22346368715084,75.0
Close,0.9615384615384616,4.473684210526316,1.7857142857142856,2.793296089385475,3.571428571428571
Bad,5.769230769230769,5.526315789473684,0.0,3.35195530726257,3.571428571428571
