,A,B,C,DQB1,DRB1
Right,62.980769230769226,42.10526315789473,73.21428571428571,17.857142857142858,53.63128491620112
Wrong,37.019230769230774,57.89473684210527,26.785714285714285,82.14285714285714,46.36871508379888
Partial,30.288461538461537,47.89473684210526,25.0,75.0,40.22346368715084
Close,0.9615384615384616,4.473684210526316,1.7857142857142856,3.571428571428571,2.793296089385475
Bad,5.769230769230769,5.526315789473684,0.0,3.571428571428571,3.35195530726257
