,A,B,C,DQB1,DRB1
Right,80.67632850241546,87.0712401055409,91.93548387096774,85.71428571428571,90.55555555555556
Wrong,19.32367149758454,12.928759894459102,8.064516129032258,14.285714285714285,9.444444444444445
Partial,13.043478260869565,6.860158311345646,8.064516129032258,10.714285714285714,6.111111111111111
Close,0.0,0.0,0.0,0.0,0.0
Bad,6.280193236714976,6.068601583113456,0.0,3.571428571428571,3.3333333333333335
