,A,B,C,DRB1,DQB1
Right,57.009345794392516,40.68241469816273,66.10169491525424,52.513966480446925,17.24137931034483
Wrong,35.51401869158878,56.16797900262467,25.423728813559322,46.36871508379888,79.3103448275862
Partial,28.971962616822427,43.832020997375324,22.033898305084744,37.988826815642454,72.41379310344827
Close,0.9345794392523363,6.824146981627297,1.694915254237288,4.4692737430167595,3.4482758620689653
Bad,5.607476635514018,5.511811023622047,1.694915254237288,3.910614525139665,3.4482758620689653
